{"schemaVersion":"1.0","appDefinitionTemplate":{"id":"/providers/Microsoft.PowerApps/apps/","type":"Microsoft.PowerApps/apps","tags":{"primaryDeviceWidth":"1366","primaryDeviceHeight":"768","supportsPortrait":"true","supportsLandscape":"true","primaryFormFactor":"Tablet","publisherVersion":"3.23081.12","minimumRequiredApiVersion":"2.2.0","hasComponent":"false","hasUnlockedComponent":"false","isUnifiedRootApp":"false","sienaVersion":"20230818T150840Z-3.23081.12.0","showStatusBar":"false"},"properties":{"appVersion":"2023-08-18T15:08:40Z","lifeCycleId":"Published","createdByClientVersion":{"major":3,"minor":23081,"build":12,"revision":0,"majorRevision":0,"minorRevision":0},"minClientVersion":{"major":3,"minor":23081,"build":12,"revision":0,"majorRevision":0,"minorRevision":0},"backgroundColor":"RGBA(0,176,240,1)","backgroundImageUri":"/15268966083591297470/Nf265333f-37a6-4d82-bdde-9e64f61a4a12-logoSmallFile","displayName":"User Registration and Login","description":"","commitMessage":"","appUris":{"documentUri":{"value":"/15268966083591297470/Necc96f3e-f942-483e-b23f-f70729b93f90-document.msapp"},"imageUris":[],"additionalUris":[]},"createdTime":"0001-01-01T00:00:00Z","lastModifiedTime":"0001-01-01T00:00:00Z","sharedGroupsCount":0,"sharedUsersCount":0,"connectionReferences":{"6101aeba-ab52-4578-9d3c-73fa9a2ed151":{"id":"e3ec0e21-2b8a-41e6-bcd8-fa2cfaddd7c8","displayName":"SharePoint","iconUri":"https://connectoricons-prod.azureedge.net/u/shgogna/globalperconnector-train1/1.0.1639.3312/sharepointonline/icon.png","dataSources":["LoginDemo","LoginRecords"],"dependencies":[],"dependents":[],"parameterHints":{},"parameterHintsV2":{},"isOnPremiseConnection":false,"bypassConsent":false,"dataSets":{"https://emmanuel466.sharepoint.com/sites/CollabSite":{"dataSources":{"LoginDemo":{"tableName":"ec2e2854-4d0f-46c9-aaf3-aded85f1138f"},"LoginRecords":{"tableName":"1daf5bb6-58d9-4c19-9002-743a330ca375"}}}},"apiTier":"Standard","isCustomApiConnection":false,"actions":["providers/PowerPlatform.Governance/Operations/Read","providers/PowerPlatform.Governance/Operations/Write"]},"72b973da-de76-4bba-8fd8-6e60fdf7c7bd":{"id":"14af2f25-1cd2-4cee-8d0d-9ac936149d6b","displayName":"Office 365 Users","iconUri":"https://connectoricons-prod.azureedge.net/releases/v1.0.1649/1.0.1649.3368/office365users/icon.png","dataSources":["Office365Users"],"dependencies":[],"dependents":[],"parameterHints":{},"parameterHintsV2":{},"isOnPremiseConnection":false,"bypassConsent":false,"dataSets":{},"apiTier":"Standard","isCustomApiConnection":false},"19d26c6d-b8e1-406b-9acf-bd92f309e5b7":{"id":"594f4ca9-50f1-425e-a5bd-b41aaad4c9d8","displayName":"Gmail","iconUri":"https://connectoricons-prod.azureedge.net/releases/v1.0.1647/1.0.1647.3361/gmail/icon.png","dataSources":["Gmail"],"dependencies":[],"dependents":[],"parameterHints":{},"parameterHintsV2":{},"isOnPremiseConnection":false,"bypassConsent":false,"dataSets":{},"apiTier":"Standard","isCustomApiConnection":false,"authenticationType":"shared-application","actions":["SendEmailV2"]}},"databaseReferences":{},"almMode":"Environment","performanceOptimizationEnabled":true,"canConsumeAppPass":true,"enableModernRuntimeMode":false,"executionRestrictions":{"isTeamsOnly":false,"dataLossPreventionEvaluationResult":{"status":"Compliant","lastEvaluationDate":"2023-08-16T00:59:52.4374669Z","violations":[],"violationsByPolicy":[],"violationErrorMessage":"The app uses the following connectors: shared_sharepointonline, shared_office365users, shared_logicflows, shared_gmail."},"httpActionRestriction":{"appUsesSharepointHttpAction":false,"enforcementStrategy":"Legacy","evaluationTime":"2023-08-16T00:59:52.4373834Z"}}},"appType":"ClassicCanvasApp","appComponents":[]}}